Images,Stage,Region,Rtotal,m,b,Ch1 thresh,Ch2 thresh,Rcoloc,R<threshold,M1,M2,tM1,tM2,Ncoloc,%Volume,%Ch1 Vol,%Ch2 Vol,%Ch1 Int,%Ch2 Int,%Ch1 Int > thresh,%Ch2 Int >thresh
C1-Image361014 & C2-Image361014,EHF,ect1,0.142,680.497,-8277.5,6,-4194,0.1371,0.058,1,1,1,0.9994,257829,5.09%,99.76%,99.63%,99.85%,99.81%,99.90%,99.81%
C1-Image361014 & C3-Image361014,EHF,ect1,0.187,72.412,-836.4,6,-402,0.1817,0.024,1,1,1,0.9993,257829,5.09%,99.76%,99.63%,99.85%,99.79%,99.90%,99.79%
C1-Image361014 & C4-Image361014,EHF,ect1,0.232,217.863,-2411.2,6,-1104,0.2273,-0.006,1,1,1,0.9993,257829,5.09%,99.76%,99.63%,99.85%,99.78%,99.90%,99.78%
C2-Image361014 & C3-Image361014,EHF,ect1,0.739,0.104,45.9,277,75,0.613,0.268,1,1,0.8616,0.8821,170452,3.36%,84.20%,92.43%,83.78%,80.97%,90.02%,94.36%
C2-Image361014 & C4-Image361014,EHF,ect1,0.175,0.124,350.2,656,432,-0.0858,0.007,1,1,0.4757,0.3575,42576,0.84%,49.30%,37.70%,27.80%,22.66%,48.58%,36.78%
C3-Image361014 & C4-Image361014,EHF,ect1,0.305,11.529,-789.5,12,-651,0.3047,0.012,1,1,1,1,258729,5.11%,99.99%,99.98%,100.00%,100.00%,100.00%,100.00%
C1-Image361014 & C2-Image361014,EHF,ect2,0.064,1101.31,-16116.6,7,-8407,0.0557,-0.005,1,1,1,0.9985,201829,3.98%,98.96%,98.71%,99.42%,99.09%,99.52%,99.09%
C1-Image361014 & C3-Image361014,EHF,ect2,0.114,91.856,-1290.8,6,-740,0.1109,0.001,1,1,1,0.9995,203950,4.03%,99.83%,99.75%,99.91%,99.84%,99.93%,99.84%
C1-Image361014 & C4-Image361014,EHF,ect2,0.217,180.256,-2354.8,7,-1093,0.2014,-0.001,1,1,1,0.9987,201829,3.98%,98.96%,98.71%,99.42%,99.24%,99.52%,99.24%
C2-Image361014 & C3-Image361014,EHF,ect2,0.714,0.108,43.4,210,66,0.5655,0.222,1,1,0.8116,0.838,115682,2.28%,79.01%,89.61%,78.06%,74.71%,86.19%,92.40%
C2-Image361014 & C4-Image361014,EHF,ect2,0.313,0.236,253.8,280,320,-0.0176,0.038,1,1,0.6548,0.6725,82979,1.64%,69.97%,74.02%,58.01%,55.06%,70.44%,74.98%
C3-Image361014 & C4-Image361014,EHF,ect2,0.451,7.726,-323.2,18,-184,0.4472,0.076,1,1,1,0.9996,203943,4.03%,99.91%,99.75%,99.95%,99.94%,99.98%,99.94%
C1-Image361014 & C2-Image361014,EHF,ect3,0.103,1037.277,-12902.6,5,-7716,0.1013,-0.008,1,1,1,1,200526,3.96%,99.89%,99.89%,99.96%,99.94%,99.96%,99.94%
C1-Image361014 & C3-Image361014,EHF,ect3,0.146,99.81,-1191.5,6,-593,0.1415,0.061,1,1,1,0.9994,200053,3.95%,99.76%,99.66%,99.86%,99.78%,99.90%,99.78%
C1-Image361014 & C4-Image361014,EHF,ect3,0.218,239.354,-2683.6,6,-1247,0.2142,0.041,1,1,1,0.9993,200053,3.95%,99.76%,99.66%,99.86%,99.77%,99.90%,99.77%
C2-Image361014 & C3-Image361014,EHF,ect3,0.769,0.105,45.1,234,70,0.6796,0.271,1,1,0.8934,0.9193,143342,2.83%,85.50%,94.83%,87.82%,85.47%,91.98%,96.43%
C2-Image361014 & C4-Image361014,EHF,ect3,0.115,0.074,385,832,446,-0.0871,0.008,1,1,0.4345,0.2197,18165,0.36%,42.53%,21.89%,17.49%,12.39%,40.92%,20.99%
C3-Image361014 & C4-Image361014,EHF,ect3,0.249,13.552,-1008.5,14,-819,0.2479,-0.009,1,1,1,1,200658,3.96%,99.98%,99.96%,99.99%,99.99%,100.00%,99.99%
C1-Image361014 & C2-Image361014,EHF,end1,0.231,560.589,-8209.4,8,-3725,0.221,0.037,1,1,1,0.9983,64290,1.27%,99.24%,98.85%,99.46%,99.46%,99.63%,99.46%
C1-Image361014 & C3-Image361014,EHF,end1,0.249,73.511,-1020.2,8,-432,0.2373,0.004,1,1,1,0.9978,64290,1.27%,99.24%,98.85%,99.46%,99.32%,99.63%,99.32%
C1-Image361014 & C4-Image361014,EHF,end1,0.184,168.128,-2326.1,8,-981,0.1705,0.023,1,1,1,0.9974,64290,1.27%,99.24%,98.85%,99.46%,99.20%,99.63%,99.20%
C2-Image361014 & C3-Image361014,EHF,end1,0.805,0.115,68.9,188,90,0.745,0.234,1,1,0.9364,0.9492,50481,1.00%,88.76%,96.75%,93.00%,90.44%,94.92%,97.95%
C2-Image361014 & C4-Image361014,EHF,end1,0.321,0.08,303,502,343,0.0162,0.053,1,1,0.6861,0.6676,27051,0.53%,67.74%,72.49%,61.41%,51.20%,71.53%,72.05%
C3-Image361014 & C4-Image361014,EHF,end1,0.405,3.015,-106.4,26,-28,0.3946,-0.001,1,1,1,0.9992,64728,1.28%,99.88%,99.52%,99.93%,99.89%,99.98%,99.89%
C1-Image361014 & C2-Image361014,EHF,end2,0.2,511.139,-7010.1,9,-2410,0.1705,0.024,1,1,1,0.9896,85120,1.68%,97.18%,95.40%,97.52%,97.09%,98.39%,97.09%
C1-Image361014 & C3-Image361014,EHF,end2,0.244,48.372,-616.6,7,-278,0.2377,0.024,1,1,1,0.9993,88626,1.75%,99.44%,99.33%,99.71%,99.57%,99.75%,99.57%
C1-Image361014 & C4-Image361014,EHF,end2,0.082,332.828,-4636.4,9,-1641,0.0715,0.012,1,1,1,0.9833,85120,1.68%,97.18%,95.40%,97.52%,95.72%,98.39%,95.72%
C2-Image361014 & C3-Image361014,EHF,end2,0.72,0.084,54,209,71,0.5538,0.172,1,1,0.9097,0.915,64252,1.27%,87.24%,95.34%,89.89%,85.96%,93.07%,96.86%
C2-Image361014 & C4-Image361014,EHF,end2,0.302,0.085,300,628,354,0.0074,0.005,1,1,0.5809,0.5284,26346,0.52%,60.80%,58.97%,46.65%,37.09%,62.79%,59.25%
C3-Image361014 & C4-Image361014,EHF,end2,0.325,5.867,-283.5,88,233,0.0877,0.077,1,1,0.9204,0.6827,53366,1.05%,93.81%,68.98%,76.09%,65.70%,94.83%,70.38%
C1-Image361014 & C2-Image361014,EHF,end3,0.17,618.434,-9183.9,7,-4855,0.1634,0.03,1,1,1,0.9997,51917,1.02%,99.56%,99.48%,99.78%,99.74%,99.81%,99.74%
C1-Image361014 & C3-Image361014,EHF,end3,0.247,54.344,-744.5,9,-255,0.2089,0.036,1,1,1,0.9921,50307,0.99%,97.80%,96.39%,98.13%,97.80%,98.79%,97.80%
C1-Image361014 & C4-Image361014,EHF,end3,0.115,218.853,-3152.6,9,-1183,0.0959,0.028,1,1,1,0.9879,50307,0.99%,97.80%,96.39%,98.13%,96.87%,98.79%,96.87%
C2-Image361014 & C3-Image361014,EHF,end3,0.76,0.098,55.6,230,78,0.6598,0.248,1,1,0.9175,0.9363,39299,0.78%,87.75%,95.94%,90.70%,88.36%,93.40%,97.34%
C2-Image361014 & C4-Image361014,EHF,end3,0.306,0.078,293.5,613,341,0.0271,-0.004,1,1,0.6063,0.5675,17070,0.34%,62.33%,62.68%,50.10%,40.71%,64.82%,63.12%
C3-Image361014 & C4-Image361014,EHF,end3,0.35,4.143,-168.9,92,212,0.1526,0.037,1,1,0.9439,0.7417,34556,0.68%,95.17%,73.57%,81.71%,72.12%,96.37%,75.65%
C1-Image361014 & C3-Image361014,EHF,mes1,0.067,43.674,-1055.5,32,342,0.5467,0.067,1,1,0.0001,0.2793,6,0.00%,0.00%,8.33%,0.00%,0.01%,0.00%,7.67%
C2-Image361014 & C3-Image361014,EHF,mes1,0.399,0.063,58.2,280,76,0.2305,0.001,1,1,0.6102,0.6168,167790,3.31%,63.19%,67.61%,49.64%,45.72%,67.03%,69.42%
C2-Image361014 & C4-Image361014,EHF,mes1,0.209,0.352,262,374,393,-0.0412,0.003,1,1,0.4689,0.3592,81777,1.61%,52.72%,40.91%,27.71%,23.38%,52.83%,41.05%
C3-Image361014 & C4-Image361014,EHF,mes1,0.224,21.539,-1339.1,16,-995,0.2211,-0.009,1,1,1,0.9999,474704,9.37%,99.97%,99.93%,99.99%,99.98%,99.99%,99.98%
C2-Image361014 & C3-Image361014,EHF,mes2,0.378,0.065,61.2,311,82,0.2484,-0.007,1,1,0.5438,0.4866,65822,1.30%,60.28%,56.36%,39.44%,34.75%,63.31%,58.28%
C2-Image361014 & C4-Image361014,EHF,mes2,0.276,0.389,226.6,332,356,0.0116,0.009,1,1,0.5163,0.4245,56425,1.11%,59.00%,49.82%,34.66%,29.86%,60.66%,50.46%
C3-Image361014 & C4-Image361014,EHF,mes2,0.317,13.236,-742.6,72,210,0.1127,-0.007,1,1,0.9189,0.6751,144883,2.86%,92.84%,64.35%,69.42%,64.51%,94.04%,68.11%
C1-Image361014 & C3-Image361014,EHF,mes3,0.045,57.122,-1624.7,32,203,-0.0072,0.038,1,1,0.0045,0.4239,285,0.01%,0.40%,38.83%,0.24%,0.44%,0.42%,39.25%
C1-Image361014 & C4-Image361014,EHF,mes3,0.028,421.514,-12271.4,32,1217,0.152,0.028,1,1,0.0001,0.4223,8,0.00%,0.01%,57.14%,0.01%,0.02%,0.01%,57.88%
C2-Image361014 & C3-Image361014,EHF,mes3,0.458,0.066,63.6,280,82,0.3101,0.047,1,1,0.6679,0.6834,68778,1.36%,66.58%,72.77%,57.27%,52.49%,71.39%,74.65%
C2-Image361014 & C4-Image361014,EHF,mes3,0.102,0.084,341.4,561,389,-0.0342,-0.004,1,1,0.4239,0.1741,11661,0.23%,40.99%,17.18%,14.47%,8.96%,41.56%,16.59%
C3-Image361014 & C4-Image361014,EHF,mes3,0.252,15.069,-967.2,12,-786,0.2493,-0.023,1,1,1,1,165715,3.27%,99.97%,99.94%,99.99%,99.99%,100.00%,99.99%
C1-Image880134 & C2-Image880134,EHF,ect1,0,-132502.749,1722943.7,255,-32065257,NaN,0,1,1,1,0,0,0.00%,NaN%,0.00%,0.00%,0.00%,NaN%,0.00%
C1-Image880134 & C3-Image880134,EHF,ect1,0.094,125.238,-1526.1,6,-775,0.0897,-0.006,1,1,1,0.9987,475439,9.38%,99.65%,99.48%,99.78%,99.59%,99.84%,99.59%
C1-Image880134 & C4-Image880134,EHF,ect1,0.072,221.648,-2724.4,6,-1395,0.0676,0.019,1,1,1,0.9986,475439,9.38%,99.65%,99.48%,99.78%,99.57%,99.84%,99.57%
C2-Image880134 & C3-Image880134,EHF,ect1,0.519,0.112,56.4,304,90,0.3327,0.048,1,1,0.6658,0.764,223422,4.41%,67.87%,81.91%,59.56%,60.60%,72.73%,84.46%
C2-Image880134 & C4-Image880134,EHF,ect1,0.317,0.097,117.4,406,157,0.0475,0.015,1,1,0.5106,0.4552,114535,2.26%,59.15%,54.38%,35.33%,32.22%,61.52%,55.73%
C3-Image880134 & C4-Image880134,EHF,ect1,0.377,2.144,-61.7,11,-38,0.3767,-0.005,1,1,1,1,477882,9.43%,100.00%,99.99%,100.00%,100.00%,100.00%,100.00%
C1-Image880134 & C2-Image880134,EHF,ect2,-0.002,-31550.354,410552.6,255,-7634788,NaN,-0.002,1,1,1,0,0,0.00%,NaN%,0.00%,0.00%,0.00%,NaN%,0.00%
C1-Image880134 & C3-Image880134,EHF,ect2,0.067,211.302,-2638.9,12,-103,0.0505,0.034,1,1,1,0.7583,176307,3.48%,80.58%,60.39%,69.67%,61.41%,84.65%,61.41%
C1-Image880134 & C4-Image880134,EHF,ect2,0.07,232.554,-2859.2,7,-1231,0.0649,0.017,1,1,1,0.9972,287475,5.67%,98.78%,98.47%,99.26%,98.60%,99.38%,98.60%
C2-Image880134 & C3-Image880134,EHF,ect2,0.555,0.117,61.4,247,90,0.3774,0.096,1,1,0.7173,0.8539,156960,3.10%,68.82%,89.73%,67.96%,69.20%,76.20%,91.94%
C2-Image880134 & C4-Image880134,EHF,ect2,0.337,0.085,130.2,330,158,0.0392,0.015,1,1,0.6012,0.5962,103680,2.05%,66.50%,69.73%,49.52%,45.60%,69.44%,71.12%
C3-Image880134 & C4-Image880134,EHF,ect2,0.468,1.378,15.2,94,145,0.1468,0.022,1,1,0.6898,0.6246,124325,2.45%,76.85%,70.89%,56.80%,53.00%,79.48%,73.10%
C1-Image880134 & C3-Image880134,EHF,ect3,0.099,116.884,-1419.5,6,-718,0.0961,-0.011,1,1,1,0.9986,337438,6.66%,99.62%,99.44%,99.76%,99.53%,99.83%,99.53%
C1-Image880134 & C4-Image880134,EHF,ect3,0.08,215.617,-2650,6,-1356,0.0758,0.001,1,1,1,0.9986,337438,6.66%,99.62%,99.44%,99.76%,99.53%,99.83%,99.53%
C2-Image880134 & C3-Image880134,EHF,ect3,0.492,0.102,56,311,88,0.3199,-0.003,1,1,0.6598,0.7835,165277,3.26%,68.21%,85.50%,60.94%,62.62%,72.70%,87.22%
C2-Image880134 & C4-Image880134,EHF,ect3,0.239,0.073,121.3,466,155,0.0057,-0.014,1,1,0.4818,0.3682,64005,1.26%,56.74%,44.67%,29.05%,25.37%,57.94%,45.07%
C3-Image880134 & C4-Image880134,EHF,ect3,0.333,2.512,-98.2,69,75,0.2193,0.036,1,1,0.9791,0.8166,258645,5.11%,98.47%,78.96%,86.64%,81.16%,98.72%,82.26%
C1-Image885660 & C2-Image885660,EHF,end1,0.044,2267.637,-26694.6,7,-10821,0.0356,0.003,1,1,1,0.9891,360129,7.11%,96.55%,95.37%,97.53%,95.78%,98.08%,95.78%
C1-Image885660 & C3-Image885660,EHF,end1,0.105,133.021,-1508.3,7,-577,0.0913,0.015,1,1,1,0.9898,360129,7.11%,96.55%,95.37%,97.53%,96.02%,98.08%,96.02%
C1-Image885660 & C4-Image885660,EHF,end1,0.165,132.608,-1426.3,6,-631,0.1563,-0.002,1,1,1,0.9968,372980,7.36%,99.20%,98.77%,99.44%,99.06%,99.61%,99.06%
C2-Image885660 & C3-Image885660,EHF,end1,0.696,0.099,36.6,195,56,0.5954,-0.001,1,1,0.8648,0.9253,258199,5.10%,79.58%,92.93%,84.30%,83.77%,87.76%,95.47%
C2-Image885660 & C4-Image885660,EHF,end1,0.213,0.049,139.9,616,170,0.0275,-0.008,1,1,0.4816,0.3474,61697,1.22%,51.97%,38.80%,29.32%,22.78%,52.48%,39.61%
C3-Image885660 & C4-Image885660,EHF,end1,0.3,3.267,-122.5,86,158,0.094,-0.005,1,1,0.5692,0.4825,100833,1.99%,62.71%,53.25%,40.23%,36.22%,63.69%,55.35%
C1-Image885660 & C2-Image885660,EHF,end2,0.056,1828.959,-21344.5,6,-10371,0.0535,0.009,1,1,1,0.998,104324,2.06%,99.53%,99.29%,99.69%,99.38%,99.78%,99.38%
C1-Image885660 & C3-Image885660,EHF,end2,0.086,176.671,-2023,7,-786,0.0753,0.018,1,1,1,0.9941,101912,2.01%,97.69%,96.99%,98.44%,97.43%,98.75%,97.43%
C1-Image885660 & C4-Image885660,EHF,end2,0.109,129.297,-1411.6,8,-377,0.0823,0.039,1,1,1,0.9737,98022,1.93%,96.18%,93.29%,96.15%,93.98%,97.67%,93.98%
C2-Image885660 & C3-Image885660,EHF,end2,0.672,0.099,37.2,305,67,0.541,0.076,1,1,0.8351,0.8978,68766,1.36%,80.74%,91.53%,80.56%,81.49%,86.39%,94.07%
C2-Image885660 & C4-Image885660,EHF,end2,0.199,0.027,123.4,723,143,0.006,0.006,1,1,0.4959,0.3199,16351,0.32%,51.67%,34.13%,26.30%,19.92%,51.34%,34.11%
C3-Image885660 & C4-Image885660,EHF,end2,0.355,0.812,61.2,81,127,0.1206,0.007,1,1,0.6761,0.639,42634,0.84%,69.03%,67.09%,54.54%,49.69%,70.74%,68.39%
C1-Image885660 & C2-Image885660,EHF,end3,0.022,4631.099,-55004.2,7,-22586,0.0163,0.004,1,1,1,0.9934,334748,6.61%,97.71%,97.00%,98.46%,97.22%,98.77%,97.22%
C1-Image885660 & C3-Image885660,EHF,end3,0.064,233.401,-2704.8,7,-1071,0.0543,0.024,1,1,1,0.9938,334748,6.61%,97.71%,97.00%,98.46%,97.35%,98.77%,97.35%
C1-Image885660 & C4-Image885660,EHF,end3,0.085,233.067,-2623.8,6,-1225,0.0796,0.008,1,1,1,0.9981,342595,6.76%,99.51%,99.27%,99.68%,99.40%,99.77%,99.40%
C2-Image885660 & C3-Image885660,EHF,end3,0.677,0.096,41.2,255,66,0.5568,-0.01,1,1,0.8355,0.8943,226096,4.46%,79.91%,92.89%,81.76%,80.55%,86.94%,94.80%
C2-Image885660 & C4-Image885660,EHF,end3,0.134,0.026,158,908,182,0.038,0.005,1,1,0.4118,0.1636,23141,0.46%,43.40%,17.68%,14.13%,9.16%,43.73%,17.90%
C3-Image885660 & C4-Image885660,EHF,end3,0.221,3.082,-122.9,103,195,0.0088,-0.005,1,1,0.337,0.4095,47202,0.93%,36.41%,45.86%,21.39%,20.04%,37.69%,47.23%
C1-Image492565 & C3-Image492565,EHF,mes1,0.202,13.38,-224,22,70,0.0155,-0.014,1,1,0.2947,0.4469,29756,0.59%,30.05%,46.50%,17.85%,19.48%,31.11%,47.20%
C1-Image492565 & C4-Image492565,EHF,mes1,0.045,100.138,-1975.9,10,-975,0.0254,0.006,1,1,1,0.9687,227496,4.49%,96.84%,93.55%,97.21%,94.03%,98.53%,94.03%
C2-Image492565 & C3-Image492565,EHF,mes1,0.427,0.07,34.9,314,57,0.3731,-0.004,1,1,0.5217,0.4707,55749,1.10%,56.31%,51.69%,35.49%,33.39%,60.01%,54.86%
C2-Image492565 & C4-Image492565,EHF,mes1,0.175,0.047,112.2,419,132,0.22,0,1,1,0.433,0.2005,20869,0.41%,45.02%,21.32%,15.77%,11.31%,45.83%,21.64%
C3-Image492565 & C4-Image492565,EHF,mes1,0.268,3.678,-82.6,38,57,0.2083,-0.019,1,1,0.9897,0.8084,188671,3.72%,99.12%,78.84%,88.08%,80.57%,99.28%,81.06%
C1-Image492565 & C3-Image492565,EHF,mes2,0.125,19.44,-366.7,20,22,0.027,0.017,1,1,0.9905,0.5901,96378,1.90%,92.67%,52.98%,67.99%,55.11%,94.70%,55.30%
C1-Image492565 & C4-Image492565,EHF,mes2,0.073,56.267,-1111.9,8,-662,0.0684,-0.006,1,1,1,0.9973,182540,3.60%,99.50%,99.19%,99.73%,99.30%,99.83%,99.30%
C2-Image492565 & C3-Image492565,EHF,mes2,0.33,0.046,45.9,367,63,0.2377,0.004,1,1,0.4855,0.3561,32474,0.64%,56.81%,42.54%,29.61%,25.11%,60.25%,44.12%
C2-Image492565 & C4-Image492565,EHF,mes2,0.079,0.017,120.2,516,129,-0.0504,-0.008,1,1,0.4489,0.1088,8715,0.17%,44.34%,10.95%,9.92%,5.99%,43.64%,10.90%
C3-Image492565 & C4-Image492565,EHF,mes2,0.181,5.256,-194.6,65,147,-0.0329,0.001,1,1,0.2835,0.412,20927,0.41%,29.17%,43.35%,16.24%,15.85%,29.89%,43.36%
C1-Image492565 & C3-Image492565,EHF,mes3,0.222,12.129,-186.6,22,80,0.0149,0.08,1,1,0.1733,0.4117,19566,0.39%,19.66%,48.03%,11.00%,12.86%,20.39%,47.70%
C1-Image492565 & C4-Image492565,EHF,mes3,0.11,41.71,-711.2,7,-419,0.105,-0.001,1,1,1,0.9979,267219,5.27%,99.29%,99.04%,99.68%,99.19%,99.75%,99.19%
C2-Image492565 & C3-Image492565,EHF,mes3,0.394,0.058,37.5,326,56,0.2928,0.008,1,1,0.534,0.4399,59020,1.17%,58.12%,48.44%,35.22%,31.97%,61.91%,51.54%
C2-Image492565 & C4-Image492565,EHF,mes3,0.149,0.036,111.5,435,127,0.1757,-0.004,1,1,0.4538,0.1839,22136,0.44%,46.74%,19.31%,15.57%,10.79%,46.68%,19.59%
C3-Image492565 & C4-Image492565,EHF,mes3,0.292,3.54,-75.2,8,-47,0.2924,-0.002,1,1,1,0.9999,269787,5.33%,100.00%,99.99%,100.00%,99.99%,100.00%,99.99%
C1-Image194758 & C2-Image194758,EHF,ect1,0.125,600.104,-9076.7,7,-4876,0.1215,0.013,1,1,1,0.9998,667034,13.17%,99.76%,99.72%,99.88%,99.83%,99.90%,99.83%
C1-Image194758 & C3-Image194758,EHF,ect1,0.177,73.517,-1052.3,6,-611,0.1758,-0.007,1,1,1,0.9999,668631,13.20%,99.97%,99.95%,99.98%,99.98%,99.99%,99.98%
C1-Image194758 & C4-Image194758,EHF,ect1,0.201,228.669,-3229.7,6,-1858,0.1996,0.01,1,1,1,1,668631,13.20%,99.97%,99.95%,99.98%,99.98%,99.99%,99.98%
C2-Image194758 & C3-Image194758,EHF,ect1,0.59,0.104,69.6,329,104,0.4327,0.135,1,1,0.7367,0.8333,368702,7.28%,73.06%,88.94%,69.78%,69.54%,78.83%,90.91%
C2-Image194758 & C4-Image194758,EHF,ect1,0.333,0.299,271.9,439,403,0.0688,-0.017,1,1,0.5806,0.6094,227311,4.49%,63.01%,68.49%,47.94%,46.51%,65.82%,69.88%
C3-Image194758 & C4-Image194758,EHF,ect1,0.492,6.828,-417.7,16,-308,0.4912,0.013,1,1,1,1,668770,13.20%,99.99%,99.97%,100.00%,100.00%,100.00%,100.00%
C1-Image194758 & C2-Image194758,EHF,ect2,0.096,760.548,-11642.8,12,-2516,0.0911,-0.005,1,1,1,0.9341,360739,7.12%,92.13%,85.57%,90.30%,86.48%,94.45%,86.48%
C1-Image194758 & C3-Image194758,EHF,ect2,0.14,93.968,-1374.5,10,-435,0.1323,0.013,1,1,1,0.9872,406331,8.02%,97.79%,96.38%,97.93%,96.75%,98.67%,96.75%
C1-Image194758 & C4-Image194758,EHF,ect2,0.181,258.485,-3700.8,9,-1374,0.176,0.022,1,1,1,0.997,415530,8.20%,98.93%,98.56%,99.25%,98.80%,99.42%,98.80%
C2-Image194758 & C3-Image194758,EHF,ect2,0.594,0.107,72.5,326,108,0.4329,0.075,1,1,0.7353,0.8449,236469,4.67%,72.33%,90.45%,70.13%,69.88%,78.78%,92.24%
C2-Image194758 & C4-Image194758,EHF,ect2,0.352,0.338,257.2,489,422,0.0479,0.007,1,1,0.548,0.5264,121216,2.39%,63.60%,62.54%,42.43%,40.32%,66.15%,64.02%
C3-Image194758 & C4-Image194758,EHF,ect2,0.521,6.553,-410.4,111,317,0.2565,-0.015,1,1,0.76,0.6879,206998,4.09%,82.61%,71.71%,62.47%,62.27%,84.87%,76.00%
C1-Image194758 & C2-Image194758,EHF,ect3,0.117,649.655,-9858.5,6,-5961,0.1162,0.006,1,1,1,0.9999,581489,11.48%,99.98%,99.96%,99.99%,99.98%,99.99%,99.98%
C1-Image194758 & C3-Image194758,EHF,ect3,0.17,76.963,-1104.4,6,-643,0.1688,0.015,1,1,1,1,581489,11.48%,99.98%,99.96%,99.99%,99.98%,99.99%,99.98%
C1-Image194758 & C4-Image194758,EHF,ect3,0.209,222.12,-3121.9,6,-1789,0.208,0.03,1,1,1,1,581489,11.48%,99.98%,99.96%,99.99%,99.98%,99.99%,99.98%
C2-Image194758 & C3-Image194758,EHF,ect3,0.592,0.103,71.8,371,110,0.4069,0.146,1,1,0.7138,0.777,292477,5.77%,73.13%,85.20%,66.12%,64.70%,78.63%,87.53%
C2-Image194758 & C4-Image194758,EHF,ect3,0.336,0.3,271.5,439,403,0.0661,-0.005,1,1,0.5876,0.6273,204996,4.05%,63.55%,70.21%,49.15%,48.20%,66.37%,71.56%
C3-Image194758 & C4-Image194758,EHF,ect3,0.52,6.508,-394.5,19,-271,0.5193,0.004,1,1,1,1,581469,11.48%,99.98%,99.96%,99.99%,99.99%,100.00%,99.99%
C1-Image370919 & C2-Image370919,EHF,end1,0.224,447.099,-6081.5,7,-2952,0.2106,-0.005,1,1,1,0.9995,105382,2.08%,99.06%,98.90%,99.51%,99.54%,99.57%,99.54%
C1-Image370919 & C3-Image370919,EHF,end1,0.257,54.548,-692.2,7,-310,0.242,-0.07,1,1,1,0.9993,105382,2.08%,99.06%,98.90%,99.51%,99.43%,99.57%,99.43%
C1-Image370919 & C4-Image370919,EHF,end1,0.18,213.518,-2787.8,8,-1080,0.1616,0.009,1,1,1,0.9919,103602,2.05%,98.31%,97.23%,98.63%,97.87%,99.12%,97.87%
C2-Image370919 & C3-Image370919,EHF,end1,0.75,0.107,59.4,194,80,0.6529,0.193,1,1,0.9174,0.9263,79245,1.56%,87.65%,94.92%,90.52%,87.16%,93.40%,96.40%
C2-Image370919 & C4-Image370919,EHF,end1,0.173,0.078,366.3,726,423,-0.0681,0.003,1,1,0.4716,0.3515,17204,0.34%,48.68%,37.72%,28.63%,21.19%,49.13%,36.87%
C3-Image370919 & C4-Image370919,EHF,end1,0.238,10.045,-850.6,18,-670,0.2341,0.018,1,1,1,0.9999,106422,2.10%,99.96%,99.88%,99.98%,99.98%,99.99%,99.98%
C1-Image370919 & C2-Image370919,EHF,end2,0.218,462.058,-5850.8,14,618,-0.0055,-0.046,1,1,0.4446,0.688,32654,0.64%,39.56%,58.02%,29.82%,39.28%,41.55%,58.45%
C1-Image370919 & C3-Image370919,EHF,end2,0.254,52.649,-620.1,14,117,0.014,-0.033,1,1,0.4923,0.6737,35932,0.71%,43.53%,57.89%,32.87%,37.70%,45.79%,58.59%
C1-Image370919 & C4-Image370919,EHF,end2,0.193,206.495,-2518.9,9,-660,0.1751,0.015,1,1,1,0.9779,124649,2.46%,96.35%,93.70%,96.48%,94.74%,97.84%,94.74%
C2-Image370919 & C3-Image370919,EHF,end2,0.764,0.102,53.9,209,75,0.66,0.326,1,1,0.9232,0.9321,101115,2.00%,89.60%,96.38%,91.36%,88.52%,94.24%,97.52%
C2-Image370919 & C4-Image370919,EHF,end2,0.198,0.092,315.4,704,380,-0.0001,0.003,1,1,0.4931,0.369,23868,0.47%,52.69%,41.47%,31.48%,23.81%,53.91%,40.11%
C3-Image370919 & C4-Image370919,EHF,end2,0.295,9.041,-685.7,106,273,0.068,-0.011,1,1,0.8017,0.6109,62396,1.23%,84.27%,64.35%,62.58%,55.39%,85.91%,64.90%
C1-Image370919 & C2-Image370919,EHF,end3,0.09,1075.222,-15435.3,8,-6834,0.0833,0.05,1,1,1,0.9977,113355,2.24%,99.31%,98.99%,99.51%,99.23%,99.65%,99.23%
C1-Image370919 & C3-Image370919,EHF,end3,0.114,118.681,-1645.2,11,-340,0.0675,0.071,1,1,1,0.9418,101447,2.00%,95.04%,88.59%,92.81%,89.98%,96.67%,89.98%
C1-Image370919 & C4-Image370919,EHF,end3,0.14,251.331,-3367,11,-602,0.1245,0.002,1,1,1,0.938,101447,2.00%,95.04%,88.59%,92.81%,89.44%,96.67%,89.44%
C2-Image370919 & C3-Image370919,EHF,end3,0.713,0.099,66.1,230,89,0.6488,0.091,1,1,0.9087,0.9577,90967,1.80%,85.96%,96.68%,89.87%,88.52%,91.46%,97.57%
C2-Image370919 & C4-Image370919,EHF,end3,0.116,0.048,369.4,1089,422,-0.0822,-0.002,1,1,0.4142,0.1505,7346,0.15%,45.34%,16.53%,13.31%,8.49%,45.84%,16.29%
C3-Image370919 & C4-Image370919,EHF,end3,0.199,11.395,-1135.4,65,-395,0.1774,0.023,1,1,1,0.9553,108074,2.13%,99.65%,94.38%,97.80%,95.24%,99.84%,95.24%
C2-Image787105 & C3-Image787105,EHF,mes1,0.415,0.054,68.3,420,91,0.2052,0.009,1,1,0.568,0.5171,82704,1.63%,62.49%,60.37%,43.01%,37.54%,66.60%,62.33%
C2-Image787105 & C4-Image787105,EHF,mes1,0.228,0.216,332.9,472,435,-0.0619,-0.003,1,1,0.5055,0.3958,59349,1.17%,57.01%,46.06%,31.80%,26.89%,57.80%,46.15%
C3-Image787105 & C4-Image787105,EHF,mes1,0.304,15.197,-981.3,95,462,0.0709,0.035,1,1,0.4185,0.4675,59349,1.17%,48.96%,54.55%,27.25%,28.23%,49.77%,55.32%
C1-Image787105 & C3-Image787105,EHF,mes2,0.012,318.38,-6914.4,16,-1820,-0.0045,0.01,1,1,1,0.861,358792,7.08%,92.73%,79.58%,87.12%,79.92%,95.16%,79.92%
C2-Image787105 & C3-Image787105,EHF,mes2,0.462,0.063,61.6,382,86,0.3005,0.003,1,1,0.5953,0.5995,153772,3.04%,63.18%,67.79%,48.24%,44.11%,67.51%,70.00%
C2-Image787105 & C4-Image787105,EHF,mes2,0.21,0.212,334.6,509,442,-0.0349,0.001,1,1,0.468,0.3255,70947,1.40%,52.19%,37.29%,25.51%,20.70%,52.89%,37.35%
C3-Image787105 & C4-Image787105,EHF,mes2,0.272,16.614,-1065.2,80,264,0.1021,-0.035,1,1,0.9162,0.6359,246530,4.87%,92.11%,61.11%,66.31%,60.38%,93.02%,63.86%
C2-Image787105 & C3-Image787105,EHF,mes3,0.445,0.06,66,430,92,0.2837,0.009,1,1,0.5701,0.5063,82714,1.63%,63.31%,59.22%,42.75%,37.28%,67.44%,61.60%
C2-Image787105 & C4-Image787105,EHF,mes3,0.215,0.203,338.8,509,442,-0.0342,-0.001,1,1,0.482,0.3394,49692,0.98%,54.51%,39.56%,27.40%,22.32%,55.09%,39.56%
C3-Image787105 & C4-Image787105,EHF,mes3,0.288,15.258,-1001.3,94,433,0.0889,-0.027,1,1,0.4947,0.4951,73762,1.46%,56.03%,55.71%,32.96%,33.34%,57.01%,56.72%
C1-Image850925 & C2-Image850925,EHF,ect1,0.133,586.981,-8819.7,9,-3537,0.1142,0.066,1,1,1,0.9931,403161,7.96%,98.19%,97.15%,98.50%,97.90%,98.99%,97.90%
C1-Image850925 & C3-Image850925,EHF,ect1,0.168,93.324,-1356.2,6,-796,0.1664,0.056,1,1,1,0.9999,414728,8.19%,99.96%,99.94%,99.98%,99.97%,99.98%,99.97%
C1-Image850925 & C4-Image850925,EHF,ect1,0.214,247.295,-3503.7,8,-1525,0.2022,0.07,1,1,1,0.9977,410610,8.11%,99.33%,98.95%,99.51%,99.34%,99.67%,99.34%
C2-Image850925 & C3-Image850925,EHF,ect1,0.614,0.126,64.8,337,107,0.4196,0.21,1,1,0.7694,0.87,245837,4.85%,75.49%,91.97%,74.15%,74.89%,81.47%,93.67%
C2-Image850925 & C4-Image850925,EHF,ect1,0.37,0.39,230,399,386,0.0565,0.039,1,1,0.66,0.765,192609,3.80%,67.68%,82.52%,60.44%,61.85%,71.40%,83.52%
C3-Image850925 & C4-Image850925,EHF,ect1,0.522,6.047,-375.4,21,-248,0.521,-0.024,1,1,1,0.9999,414728,8.19%,99.98%,99.94%,99.99%,99.99%,100.00%,99.99%
C1-Image850925 & C2-Image850925,EHF,ect2,0.175,417.253,-5726.8,7,-2806,0.1691,0.001,1,1,1,0.9995,499889,9.87%,99.54%,99.45%,99.76%,99.66%,99.79%,99.66%
C1-Image850925 & C3-Image850925,EHF,ect2,0.216,69.792,-910.9,7,-422,0.2109,0,1,1,1,0.9994,499889,9.87%,99.54%,99.45%,99.76%,99.63%,99.79%,99.63%
C1-Image850925 & C4-Image850925,EHF,ect2,0.254,212.539,-2726.1,7,-1238,0.248,-0.005,1,1,1,0.9995,499889,9.87%,99.54%,99.45%,99.76%,99.66%,99.79%,99.66%
C2-Image850925 & C3-Image850925,EHF,ect2,0.635,0.135,64.4,337,110,0.4058,0.268,1,1,0.7638,0.8433,287261,5.67%,76.95%,91.29%,73.27%,73.12%,82.86%,93.09%
C2-Image850925 & C4-Image850925,EHF,ect2,0.465,0.539,175.1,299,336,0.1911,0.109,1,1,0.7736,0.8855,308214,6.08%,76.29%,92.76%,75.06%,77.68%,81.54%,94.24%
C3-Image850925 & C4-Image850925,EHF,ect2,0.575,5.917,-342.7,18,-236,0.5744,-0.042,1,1,1,1,502631,9.92%,100.00%,99.99%,100.00%,100.00%,100.00%,100.00%
C1-Image850925 & C2-Image850925,EHF,ect3,0.12,517.902,-7326.5,5,-4737,0.1195,-0.014,1,1,1,1,475537,9.39%,99.96%,99.96%,99.99%,99.98%,99.99%,99.98%
C1-Image850925 & C3-Image850925,EHF,ect3,0.188,65.166,-863.5,6,-472,0.1859,0.058,1,1,1,0.9998,475128,9.38%,99.91%,99.87%,99.95%,99.92%,99.97%,99.92%
C1-Image850925 & C4-Image850925,EHF,ect3,0.24,198.462,-2584.9,6,-1394,0.2382,0.012,1,1,1,0.9998,475128,9.38%,99.91%,99.87%,99.95%,99.94%,99.97%,99.94%
C2-Image850925 & C3-Image850925,EHF,ect3,0.62,0.126,58.3,295,95,0.4005,0.252,1,1,0.7567,0.8253,268226,5.29%,77.03%,89.61%,71.69%,71.04%,82.38%,91.45%
C2-Image850925 & C4-Image850925,EHF,ect3,0.463,0.575,138,295,308,0.1708,0.122,1,1,0.736,0.8259,263217,5.20%,75.59%,88.41%,69.46%,71.48%,79.83%,90.16%
C3-Image850925 & C4-Image850925,EHF,ect3,0.598,6.191,-313.8,19,-196,0.5967,0.012,1,1,1,0.9999,475418,9.38%,99.98%,99.94%,99.99%,99.99%,100.00%,99.99%
C1-Image850925 & C2-Image850925,EHF,end1,0.133,768.023,-10159.3,7,-4783,0.1263,0.047,1,1,1,0.9991,159458,3.15%,99.22%,99.07%,99.57%,99.36%,99.63%,99.36%
C1-Image850925 & C3-Image850925,EHF,end1,0.142,87.066,-1122.9,8,-426,0.1275,0.06,1,1,1,0.993,157102,3.10%,98.52%,97.60%,98.76%,98.13%,99.19%,98.13%
C1-Image850925 & C4-Image850925,EHF,end1,0.13,313.997,-4012,9,-1186,0.1089,0.052,1,1,1,0.9801,151310,2.99%,96.31%,94.01%,96.55%,94.74%,97.75%,94.74%
C2-Image850925 & C3-Image850925,EHF,end1,0.7,0.085,45.5,244,66,0.5897,0.159,1,1,0.8618,0.9241,111891,2.21%,81.37%,95.02%,84.62%,83.77%,88.33%,96.51%
C2-Image850925 & C4-Image850925,EHF,end1,0.249,0.117,314.6,579,382,-0.0304,0.003,1,1,0.5412,0.4563,38828,0.77%,57.91%,51.27%,38.84%,31.81%,59.30%,51.10%
C3-Image850925 & C4-Image850925,EHF,end1,0.362,8.431,-425.4,15,-299,0.3614,-0.038,1,1,1,1,160930,3.18%,99.99%,99.98%,100.00%,99.99%,100.00%,99.99%
C1-Image850925 & C2-Image850925,EHF,end2,0.128,750.649,-9907.1,6,-5403,0.1249,0.043,1,1,1,0.9998,156035,3.08%,99.88%,99.82%,99.93%,99.92%,99.95%,99.92%
C1-Image850925 & C3-Image850925,EHF,end2,0.133,100.018,-1291.3,6,-691,0.1287,0.048,1,1,1,0.9998,156035,3.08%,99.88%,99.82%,99.93%,99.91%,99.95%,99.91%
C1-Image850925 & C4-Image850925,EHF,end2,0.141,287.552,-3662.7,6,-1937,0.1371,0.009,1,1,1,0.9998,156035,3.08%,99.88%,99.82%,99.93%,99.90%,99.95%,99.90%
C2-Image850925 & C3-Image850925,EHF,end2,0.683,0.094,52.4,326,83,0.5438,0.183,1,1,0.82,0.8645,97000,1.91%,79.06%,90.05%,78.66%,76.14%,85.47%,92.06%
C2-Image850925 & C4-Image850925,EHF,end2,0.258,0.131,284.3,434,341,-0.0515,-0.001,1,1,0.59,0.6773,59034,1.17%,60.27%,73.08%,51.24%,49.20%,62.44%,73.17%
C3-Image850925 & C4-Image850925,EHF,end2,0.357,7.903,-498.4,17,-364,0.3547,-0.008,1,1,1,0.9999,156144,3.08%,99.96%,99.89%,99.98%,99.98%,99.99%,99.98%
C1-Image850925 & C2-Image850925,EHF,end3,0.206,476.202,-6101.8,7,-2768,0.1841,0.04,1,1,1,0.9984,238160,4.70%,98.60%,98.15%,99.14%,99.12%,99.31%,99.12%
C1-Image850925 & C3-Image850925,EHF,end3,0.209,57.712,-713,6,-367,0.2009,0.048,1,1,1,0.9993,241540,4.77%,99.71%,99.55%,99.82%,99.78%,99.88%,99.78%
C1-Image850925 & C4-Image850925,EHF,end3,0.232,171.543,-2044.6,7,-844,0.2062,0.059,1,1,1,0.9978,238160,4.70%,98.60%,98.15%,99.14%,98.91%,99.31%,98.91%
C2-Image850925 & C3-Image850925,EHF,end3,0.721,0.09,44,326,73,0.5558,0.304,1,1,0.8193,0.8395,142639,2.82%,81.25%,89.95%,78.62%,75.40%,86.95%,92.27%
C2-Image850925 & C4-Image850925,EHF,end3,0.353,0.167,262.4,434,335,-0.0112,0.1,1,1,0.6396,0.6551,93919,1.85%,66.55%,72.56%,55.52%,50.89%,68.65%,73.19%
C3-Image850925 & C4-Image850925,EHF,end3,0.447,6.8,-289,12,-207,0.4457,0.067,1,1,1,1,242460,4.79%,99.96%,99.92%,99.99%,99.99%,99.99%,99.99%
C1-Image850925 & C3-Image850925,EHF,mes1,0.035,120.822,-2336.4,10,-1128,0.03,0.002,1,1,1,0.9921,288036,5.69%,98.76%,97.92%,99.06%,98.06%,99.41%,98.06%
C2-Image850925 & C3-Image850925,EHF,mes1,0.487,0.061,54.2,303,72,0.2561,0.017,1,1,0.6944,0.7123,133375,2.63%,70.79%,78.30%,61.83%,57.49%,75.68%,80.35%
C2-Image850925 & C4-Image850925,EHF,mes1,0.368,0.394,238.6,303,358,0.0727,-0.008,1,1,0.6748,0.7107,132064,2.61%,70.10%,78.42%,60.39%,57.53%,73.91%,79.65%
C3-Image850925 & C4-Image850925,EHF,mes1,0.361,14.946,-788.7,75,332,0.0525,-0.009,1,1,0.7009,0.6067,121119,2.39%,76.67%,64.38%,52.91%,51.86%,78.09%,66.58%
C1-Image850925 & C3-Image850925,EHF,mes2,-0.008,-359.304,7986.7,255,-83636,NaN,-0.008,1,1,1,0,0,0.00%,NaN%,0.00%,0.00%,0.00%,NaN%,0.00%
C2-Image850925 & C3-Image850925,EHF,mes2,0.474,0.061,56.1,258,72,0.2611,-0.009,1,1,0.7081,0.811,96401,1.90%,68.85%,86.23%,66.05%,64.30%,74.53%,87.85%
C2-Image850925 & C4-Image850925,EHF,mes2,0.356,0.405,227.7,218,316,0.1083,-0.002,1,1,0.7584,0.8947,115178,2.27%,73.36%,93.12%,73.71%,75.27%,78.61%,94.06%
C3-Image850925 & C4-Image850925,EHF,mes2,0.357,14.888,-821.8,77,325,0.0306,-0.009,1,1,0.7023,0.6019,76198,1.50%,77.12%,63.82%,52.47%,51.62%,78.43%,66.04%
C1-Image850925 & C3-Image850925,EHF,mes3,-0.004,-610.856,13519.8,255,-142248,NaN,-0.004,1,1,1,0,0,0.00%,NaN%,0.00%,0.00%,0.00%,NaN%,0.00%
C2-Image850925 & C3-Image850925,EHF,mes3,0.469,0.061,55.6,290,73,0.2379,-0.008,1,1,0.6915,0.7361,93161,1.84%,69.88%,80.21%,62.17%,58.80%,74.75%,82.09%
C2-Image850925 & C4-Image850925,EHF,mes3,0.358,0.408,228,218,317,0.1122,-0.002,1,1,0.7558,0.8894,122278,2.41%,73.23%,92.74%,73.33%,74.59%,78.45%,93.69%
C3-Image850925 & C4-Image850925,EHF,mes3,0.357,14.845,-804.5,77,339,0.0314,-0.002,1,1,0.6649,0.5965,77291,1.53%,73.67%,64.25%,49.85%,49.57%,74.97%,66.23%
C1-Image948237 & C2-Image948237,Som,ect1,0.098,607.763,-7512.9,5,-4474,0.0963,-0.018,1,1,1,1,350650,6.92%,99.85%,99.84%,99.94%,99.91%,99.94%,99.91%
C1-Image948237 & C3-Image948237,Som,ect1,0.127,118.931,-1424.1,6,-711,0.1227,0.004,1,1,1,0.999,349376,6.90%,99.64%,99.48%,99.78%,99.65%,99.84%,99.65%
C1-Image948237 & C4-Image948237,Som,ect1,0.172,155.342,-1809.5,6,-877,0.1686,-0.001,1,1,1,0.999,349376,6.90%,99.64%,99.48%,99.78%,99.63%,99.84%,99.63%
C2-Image948237 & C3-Image948237,Som,ect1,0.675,0.178,52.9,223,93,0.4836,0.261,1,1,0.7965,0.8417,199301,3.93%,79.13%,90.23%,76.49%,75.01%,85.70%,92.89%
C2-Image948237 & C4-Image948237,Som,ect1,0.221,0.121,162.9,396,211,-0.03,0.006,1,1,0.491,0.4433,72962,1.44%,53.07%,49.62%,34.60%,30.47%,54.30%,49.73%
C3-Image948237 & C4-Image948237,Som,ect1,0.32,3.95,-271.9,12,-224,0.3194,-0.003,1,1,1,1,351152,6.93%,100.00%,99.98%,100.00%,100.00%,100.00%,100.00%
C1-Image948237 & C2-Image948237,Som,ect2,0.088,699.306,-8697,6,-4501,0.0838,0.008,1,1,1,0.9992,221232,4.37%,99.65%,99.50%,99.79%,99.68%,99.84%,99.68%
C1-Image948237 & C3-Image948237,Som,ect2,0.126,119.806,-1436.5,6,-718,0.1225,-0.006,1,1,1,0.9991,221232,4.37%,99.65%,99.50%,99.79%,99.66%,99.84%,99.66%
C1-Image948237 & C4-Image948237,Som,ect2,0.181,149.974,-1737.7,12,62,0.1091,-0.003,1,1,0.9753,0.704,112151,2.21%,75.90%,52.09%,60.98%,55.18%,80.67%,55.56%
C2-Image948237 & C3-Image948237,Som,ect2,0.682,0.175,52,167,81,0.5342,0.247,1,1,0.8547,0.9175,147902,2.92%,80.50%,94.89%,83.91%,83.24%,88.46%,96.65%
C2-Image948237 & C4-Image948237,Som,ect2,0.241,0.13,160.8,376,210,-0.033,0.006,1,1,0.5224,0.4959,54222,1.07%,56.31%,55.68%,39.56%,35.52%,58.00%,55.75%
C3-Image948237 & C4-Image948237,Som,ect2,0.345,3.775,-244.8,105,152,0.0962,0.036,1,1,0.7709,0.6153,97961,1.93%,83.23%,65.49%,62.15%,56.39%,85.09%,67.50%
C1-Image948237 & C2-Image948237,Som,ect3,0.102,622.325,-7691.2,6,-3957,0.0977,-0.056,1,1,1,0.9991,277934,5.49%,99.61%,99.44%,99.76%,99.67%,99.82%,99.67%
C1-Image948237 & C3-Image948237,Som,ect3,0.136,113.841,-1357.9,6,-675,0.1304,-0.044,1,1,1,0.9991,277934,5.49%,99.61%,99.44%,99.76%,99.65%,99.82%,99.65%
C1-Image948237 & C4-Image948237,Som,ect3,0.179,153.679,-1785.8,6,-864,0.1747,0.002,1,1,1,0.9989,277934,5.49%,99.61%,99.44%,99.76%,99.63%,99.82%,99.63%
C2-Image948237 & C3-Image948237,Som,ect3,0.697,0.176,51.8,167,81,0.5538,0.274,1,1,0.8646,0.9173,187829,3.71%,81.75%,94.76%,84.89%,83.86%,89.36%,96.56%
C2-Image948237 & C4-Image948237,Som,ect3,0.225,0.118,164.9,223,191,-0.0188,-0.008,1,1,0.5935,0.7811,117036,2.31%,58.44%,82.87%,55.49%,57.96%,61.75%,83.02%
C3-Image948237 & C4-Image948237,Som,ect3,0.319,4.012,-277.4,11,-233,0.3185,-0.028,1,1,1,1,279404,5.52%,99.98%,99.97%,100.00%,99.99%,100.00%,99.99%
C1-Image948237 & C2-Image948237,Som,end1,0.092,790.853,-9808.1,7,-4272,0.0738,0.061,1,1,1,0.9965,187662,3.70%,97.54%,96.86%,98.46%,98.15%,98.74%,98.15%
C1-Image948237 & C3-Image948237,Som,end1,0.108,136.572,-1654.4,7,-698,0.0873,0.056,1,1,1,0.9962,187662,3.70%,97.54%,96.86%,98.46%,98.05%,98.74%,98.05%
C1-Image948237 & C4-Image948237,Som,end1,0.303,97.41,-1029.3,13,237,0.1933,0.007,1,1,0.4564,0.6183,46335,0.91%,45.41%,57.90%,31.30%,38.83%,48.69%,61.14%
C2-Image948237 & C3-Image948237,Som,end1,0.779,0.16,45.1,141,68,0.6769,0.227,1,1,0.9008,0.9303,130513,2.58%,82.98%,95.30%,89.04%,87.14%,92.40%,97.41%
C2-Image948237 & C4-Image948237,Som,end1,0.203,0.098,190.5,335,223,-0.1176,0.011,1,1,0.5711,0.6083,60017,1.18%,58.66%,66.97%,49.85%,45.65%,60.26%,66.84%
C3-Image948237 & C4-Image948237,Som,end1,0.303,5.192,-391.2,12,-329,0.3021,0.064,1,1,1,0.9998,193551,3.82%,100.00%,99.90%,99.99%,99.98%,100.00%,99.98%
C1-Image948237 & C2-Image948237,Som,end2,0.124,566.683,-7326.6,6,-3926,0.1226,-0.023,1,1,1,0.9995,158794,3.13%,99.79%,99.70%,99.88%,99.81%,99.91%,99.81%
C1-Image948237 & C3-Image948237,Som,end2,0.121,97.698,-1236.8,13,33,0.0646,0.008,1,1,0.9842,0.6427,81920,1.62%,84.94%,52.44%,62.82%,55.65%,88.27%,55.87%
C1-Image948237 & C4-Image948237,Som,end2,0.439,81.184,-894.6,8,-245,0.4373,0.053,1,1,1,0.9896,152977,3.02%,97.58%,96.05%,97.94%,97.28%,98.67%,97.28%
C2-Image948237 & C3-Image948237,Som,end2,0.793,0.135,49.2,254,83,0.7105,0.184,1,1,0.8763,0.8948,104878,2.07%,83.82%,92.38%,85.54%,82.98%,91.03%,95.10%
C2-Image948237 & C4-Image948237,Som,end2,0.206,0.138,158.2,509,228,0.0304,-0.009,1,1,0.551,0.5741,45054,0.89%,58.15%,64.32%,46.24%,43.40%,61.19%,66.15%
C3-Image948237 & C4-Image948237,Som,end2,0.243,11.122,-1214.9,18,-1015,0.2425,-0.025,1,1,1,0.9999,159196,3.14%,99.98%,99.95%,99.99%,99.98%,100.00%,99.98%
C1-Image948237 & C2-Image948237,Som,end3,0.106,896.288,-11927,7,-5653,0.0949,0.061,1,1,1,0.9989,102105,2.02%,99.06%,98.83%,99.46%,99.34%,99.55%,99.34%
C1-Image948237 & C3-Image948237,Som,end3,0.135,146.62,-1905.7,8,-733,0.1134,0.109,1,1,1,0.9929,100336,1.98%,98.27%,97.12%,98.53%,98.11%,99.07%,98.11%
C1-Image948237 & C4-Image948237,Som,end3,0.191,129.678,-1570.5,15,375,0.1649,0.005,1,1,0.1314,0.4796,5736,0.11%,12.24%,46.97%,7.89%,10.95%,14.04%,48.33%
C2-Image948237 & C3-Image948237,Som,end3,0.679,0.144,57.3,246,93,0.5558,0.14,1,1,0.8565,0.9057,67806,1.34%,81.57%,92.70%,83.74%,83.17%,88.20%,95.36%
C2-Image948237 & C4-Image948237,Som,end3,0.096,0.027,228.4,1166,260,-0.0988,-0.002,1,1,0.3987,0.1218,5276,0.10%,45.39%,13.71%,12.36%,7.22%,45.12%,13.25%
C3-Image948237 & C4-Image948237,Som,end3,0.243,2.335,-98.2,152,257,0.0246,-0.013,1,1,0.4458,0.4168,18561,0.37%,48.02%,46.92%,30.49%,25.98%,50.64%,46.78%
C1-Image948237 & C4-Image948237,Som,mes1,0.011,976.16,-25160.2,255,223761,NaN,0.011,1,1,0,0,0,0.00%,NaN%,NaN%,0.00%,0.00%,NaN%,NaN%
C2-Image948237 & C3-Image948237,Som,mes1,0.573,0.146,70.6,186,98,0.4709,0.028,1,1,0.7516,0.8554,158521,3.13%,69.41%,87.98%,71.80%,71.51%,77.86%,90.22%
C2-Image948237 & C4-Image948237,Som,mes1,0.076,0.044,203.4,589,229,-0.0724,-0.009,1,1,0.3896,0.16,17301,0.34%,37.27%,16.08%,13.27%,8.79%,35.68%,15.22%
C3-Image948237 & C4-Image948237,Som,mes1,0.186,7.241,-692.3,118,162,-0.0542,-0.045,1,1,0.6851,0.5203,100093,1.98%,73.56%,54.59%,49.11%,44.94%,73.88%,55.97%
C1-Image948237 & C3-Image948237,Som,mes2,0.106,53.392,-1167.4,8,-740,0.1007,0.047,1,1,1,0.9983,336847,6.65%,99.54%,99.25%,99.77%,99.51%,99.85%,99.51%
C2-Image948237 & C3-Image948237,Som,mes2,0.578,0.148,60,186,87,0.4593,0.051,1,1,0.7377,0.846,174678,3.45%,68.49%,87.75%,70.38%,70.77%,77.25%,90.20%
C2-Image948237 & C4-Image948237,Som,mes2,0.09,0.055,209.8,589,242,-0.0716,-0.005,1,1,0.3914,0.1551,19761,0.39%,38.96%,16.07%,13.60%,8.86%,37.47%,15.46%
C3-Image948237 & C4-Image948237,Som,mes2,0.156,9.226,-821.7,118,267,-0.0728,-0.015,1,1,0.3279,0.4163,45838,0.90%,36.05%,45.61%,21.05%,23.01%,35.31%,45.98%
C1-Image948237 & C3-Image948237,Som,mes3,0.002,2920.178,-75792.6,255,668853,NaN,0.002,1,1,0,0,0,0.00%,NaN%,NaN%,0.00%,0.00%,NaN%,NaN%
C1-Image948237 & C4-Image948237,Som,mes3,0.017,680.504,-17474.1,255,156054,NaN,0.017,1,1,0,0,0,0.00%,NaN%,NaN%,0.00%,0.00%,NaN%,NaN%
C2-Image948237 & C3-Image948237,Som,mes3,0.574,0.143,77.8,246,113,0.4581,0.091,1,1,0.7085,0.7117,105022,2.07%,71.20%,78.34%,65.02%,59.35%,77.96%,80.88%
C2-Image948237 & C4-Image948237,Som,mes3,0.065,0.037,205.1,656,229,-0.1093,0.001,1,1,0.3836,0.1291,11038,0.22%,34.22%,12.46%,11.26%,6.60%,33.23%,11.36%
C3-Image948237 & C4-Image948237,Som,mes3,0.204,6.791,-677.4,13,-589,0.204,0.038,1,1,1,1,244168,4.82%,99.99%,99.98%,100.00%,100.00%,100.00%,100.00%
C1-Image867986 & C2-Image867986,Som,ect1,0.187,243.551,-3796.4,6,-2335,0.1853,0.032,1,1,1,0.9999,289230,5.71%,99.92%,99.87%,99.96%,99.94%,99.97%,99.94%
C1-Image867986 & C3-Image867986,Som,ect1,0.284,45.587,-650,18,171,0.0389,0.065,1,1,0.25,0.4921,33075,0.65%,26.21%,50.61%,15.21%,20.04%,27.79%,51.51%
C1-Image867986 & C4-Image867986,Som,ect1,0.329,135.832,-1891.2,15,146,0.21,0.042,1,1,0.9605,0.7449,174312,3.44%,87.95%,63.61%,70.45%,67.53%,90.49%,68.35%
C2-Image867986 & C3-Image867986,Som,ect1,0.57,0.171,66.2,199,100,0.3134,0.224,1,1,0.7591,0.8545,160511,3.17%,74.32%,90.91%,73.00%,73.70%,81.14%,92.85%
C2-Image867986 & C4-Image867986,Som,ect1,0.35,0.942,93.9,177,261,0.103,0.011,1,1,0.8374,0.8826,191716,3.78%,82.68%,89.79%,80.58%,81.25%,86.68%,92.07%
C3-Image867986 & C4-Image867986,Som,ect1,0.634,5.172,-228.6,18,-135,0.632,0.053,1,1,1,0.9998,289038,5.71%,99.94%,99.81%,99.98%,99.97%,99.99%,99.97%
C1-Image867986 & C2-Image867986,Som,ect2,0.147,389.533,-6189.1,7,-3462,0.1393,0.023,1,1,1,0.9995,235680,4.65%,99.55%,99.43%,99.78%,99.72%,99.82%,99.72%
C1-Image867986 & C3-Image867986,Som,ect2,0.201,66.117,-992,6,-595,0.1979,0.037,1,1,1,0.9998,236736,4.67%,99.93%,99.88%,99.96%,99.95%,99.98%,99.95%
C1-Image867986 & C4-Image867986,Som,ect2,0.274,148.79,-2120.4,18,558,0.0814,0.056,1,1,0.226,0.5054,25424,0.50%,23.56%,52.40%,14.10%,18.93%,25.06%,53.36%
C2-Image867986 & C3-Image867986,Som,ect2,0.661,0.159,63.1,252,103,0.5228,0.182,1,1,0.7849,0.8442,136411,2.69%,77.11%,89.57%,75.09%,73.75%,83.28%,91.45%
C2-Image867986 & C4-Image867986,Som,ect2,0.257,0.33,266,425,406,0.0441,0.002,1,1,0.5033,0.4612,52459,1.04%,53.23%,50.94%,35.54%,31.59%,55.02%,50.84%
C3-Image867986 & C4-Image867986,Som,ect2,0.468,5.991,-381.8,14,-298,0.465,0.059,1,1,1,0.9999,236713,4.67%,99.96%,99.87%,99.99%,99.98%,100.00%,99.98%
C1-Image867986 & C2-Image867986,Som,ect3,0.129,365.739,-5846.6,8,-2921,0.1202,0.041,1,1,1,0.9974,344303,6.80%,99.42%,99.00%,99.58%,99.34%,99.74%,99.34%
C1-Image867986 & C3-Image867986,Som,ect3,0.217,58.934,-874.9,18,186,0.0255,0.046,1,1,0.1798,0.5068,29040,0.57%,17.91%,50.48%,10.89%,15.31%,18.99%,51.03%
C1-Image867986 & C4-Image867986,Som,ect3,0.274,156.517,-2245.8,18,572,0.0776,0.037,1,1,0.2263,0.5191,39050,0.77%,24.09%,55.24%,14.74%,20.30%,25.71%,56.33%
C2-Image867986 & C3-Image867986,Som,ect3,0.571,0.164,66.3,265,110,0.2958,0.177,1,1,0.6973,0.7487,159950,3.16%,72.82%,83.17%,64.10%,63.15%,78.25%,85.66%
C2-Image867986 & C4-Image867986,Som,ect3,0.294,0.731,144,314,373,-0.0572,-0.002,1,1,0.5912,0.5928,114935,2.27%,64.19%,66.11%,48.18%,46.69%,66.15%,67.55%
C3-Image867986 & C4-Image867986,Som,ect3,0.573,5.494,-282.7,101,272,0.3044,0.087,1,1,0.8199,0.731,185371,3.66%,86.91%,73.70%,70.28%,68.49%,89.30%,79.37%
C1-Image867986 & C2-Image867986,Som,end1,0.1,1023.552,-15765.8,7,-8601,0.095,0.05,1,1,1,0.9991,548103,10.82%,99.42%,99.28%,99.70%,99.53%,99.75%,99.53%
C1-Image867986 & C3-Image867986,Som,end1,0.141,99.222,-1467.6,7,-773,0.1346,0.038,1,1,1,0.9991,548103,10.82%,99.42%,99.28%,99.70%,99.51%,99.75%,99.51%
C1-Image867986 & C4-Image867986,Som,end1,0.251,151.241,-2046.9,6,-1139,0.2486,0.053,1,1,1,0.9997,551281,10.88%,99.90%,99.85%,99.95%,99.92%,99.96%,99.92%
C2-Image867986 & C3-Image867986,Som,end1,0.723,0.101,58.5,206,79,0.6318,0.111,1,1,0.8853,0.9098,377786,7.46%,83.16%,93.43%,86.95%,83.74%,90.58%,95.46%
C2-Image867986 & C4-Image867986,Som,end1,0.191,0.081,323.4,770,386,0.013,-0.007,1,1,0.4703,0.3157,78897,1.56%,49.53%,34.19%,28.05%,20.15%,50.00%,34.26%
C3-Image867986 & C4-Image867986,Som,end1,0.328,7.17,-487.4,13,-394,0.3265,-0.001,1,1,1,0.9999,551808,10.89%,99.98%,99.95%,99.99%,99.99%,100.00%,99.99%
C1-Image867986 & C2-Image867986,Som,end2,0.113,961.153,-14819.5,9,-6169,0.0935,0.029,1,1,1,0.9896,146784,2.90%,97.74%,96.14%,98.00%,97.35%,98.75%,97.35%
C1-Image867986 & C3-Image867986,Som,end2,0.143,108.331,-1606.3,7,-848,0.1372,0.008,1,1,1,0.9992,151661,2.99%,99.46%,99.33%,99.72%,99.55%,99.77%,99.55%
C1-Image867986 & C4-Image867986,Som,end2,0.236,142.499,-1938,9,-655,0.2056,0.075,1,1,1,0.9893,146784,2.90%,97.74%,96.14%,98.00%,97.25%,98.75%,97.25%
C2-Image867986 & C3-Image867986,Som,end2,0.778,0.113,63.7,207,87,0.6929,0.103,1,1,0.8804,0.8521,93004,1.84%,82.97%,89.16%,85.75%,78.38%,91.50%,92.06%
C2-Image867986 & C4-Image867986,Som,end2,0.193,0.066,305,735,354,-0.074,0.006,1,1,0.4964,0.3109,22678,0.45%,52.56%,34.30%,31.60%,20.15%,53.09%,33.60%
C3-Image867986 & C4-Image867986,Som,end2,0.321,5.453,-350.5,19,-247,0.3168,0.052,1,1,1,0.9997,152341,3.01%,99.93%,99.77%,99.97%,99.95%,99.99%,99.95%
C1-Image867986 & C2-Image867986,Som,end3,0.129,787.972,-11217.6,7,-5702,0.1245,0.023,1,1,1,0.9991,325984,6.43%,99.40%,99.25%,99.68%,99.50%,99.74%,99.50%
C1-Image867986 & C3-Image867986,Som,end3,0.154,91.242,-1253.6,6,-706,0.1525,0.009,1,1,1,0.9997,327940,6.47%,99.90%,99.84%,99.94%,99.90%,99.96%,99.90%
C1-Image867986 & C4-Image867986,Som,end3,0.199,190.357,-2503.4,7,-1171,0.1933,-0.002,1,1,1,0.9989,325984,6.43%,99.40%,99.25%,99.68%,99.46%,99.74%,99.46%
C2-Image867986 & C3-Image867986,Som,end3,0.745,0.103,52.8,249,79,0.6311,0.172,1,1,0.8716,0.8762,210361,4.15%,83.69%,91.19%,84.91%,80.76%,90.32%,93.87%
C2-Image867986 & C4-Image867986,Som,end3,0.22,0.094,295.2,590,351,-0.0706,-0.003,1,1,0.5108,0.4627,74624,1.47%,54.65%,52.64%,38.82%,31.67%,55.17%,52.31%
C3-Image867986 & C4-Image867986,Som,end3,0.359,6.654,-413.2,14,-320,0.3584,0.112,1,1,1,0.9999,328269,6.48%,99.98%,99.94%,99.99%,99.98%,100.00%,99.98%
C1-Image867986 & C3-Image867986,Som,mes1,0.074,30.043,-949.5,255,6711,NaN,0.074,1,1,0,0,0,0.00%,NaN%,NaN%,0.00%,0.00%,NaN%,NaN%
C2-Image867986 & C3-Image867986,Som,mes1,0.517,0.1,65.1,208,86,0.3557,0.03,1,1,0.7275,0.8025,120852,2.39%,71.73%,86.39%,69.14%,66.80%,77.58%,87.91%
C2-Image867986 & C4-Image867986,Som,mes1,0.276,0.269,241.3,370,341,0.0386,0,1,1,0.5171,0.4429,51402,1.01%,56.29%,50.38%,36.97%,31.24%,58.08%,50.90%
C3-Image867986 & C4-Image867986,Som,mes1,0.407,7.601,-435.3,19,-291,0.4051,0.036,1,1,1,0.9998,232859,4.60%,99.97%,99.91%,99.99%,99.97%,100.00%,99.97%
C2-Image867986 & C3-Image867986,Som,mes2,0.533,0.105,69.4,196,90,0.3698,0.091,1,1,0.7586,0.8341,76452,1.51%,72.85%,87.44%,72.14%,69.91%,78.78%,89.26%
C2-Image867986 & C4-Image867986,Som,mes2,0.289,0.276,242.9,196,297,0.0308,0.009,1,1,0.6648,0.8176,68105,1.34%,64.90%,85.95%,63.10%,64.13%,68.90%,86.64%
C3-Image867986 & C4-Image867986,Som,mes2,0.397,7.603,-481.8,15,-368,0.3949,0.011,1,1,1,0.9999,138894,2.74%,99.96%,99.92%,99.99%,99.99%,100.00%,99.99%
C1-Image867986 & C2-Image867986,Som,mes3,0.022,593.688,-21579.4,255,129811,NaN,0.022,1,1,0,0,0,0.00%,NaN%,NaN%,0.00%,0.00%,NaN%,NaN%
C1-Image867986 & C3-Image867986,Som,mes3,0.085,25.611,-833.6,255,5697,NaN,0.085,1,1,0,0,0,0.00%,NaN%,NaN%,0.00%,0.00%,NaN%,NaN%
C2-Image867986 & C3-Image867986,Som,mes3,0.54,0.107,72.5,261,101,0.3726,0.107,1,1,0.7169,0.7311,62306,1.23%,71.57%,78.88%,64.88%,59.79%,76.77%,80.85%
C2-Image867986 & C4-Image867986,Som,mes3,0.279,0.242,263.2,348,348,0.0164,-0.002,1,1,0.5425,0.5219,36209,0.71%,57.16%,57.46%,41.72%,36.81%,59.00%,58.36%
C3-Image867986 & C4-Image867986,Som,mes3,0.373,7.532,-501.6,15,-389,0.3712,-0.029,1,1,1,0.9999,134394,2.65%,99.97%,99.92%,99.99%,99.98%,100.00%,99.98%
C1-Image393915 & C2-Image393915,Som,ect1,0.023,4065.559,-28052.9,6,-3660,0.0174,0.004,1,1,1,0.7674,163397,3.23%,84.74%,64.65%,76.50%,65.17%,89.17%,65.17%
C1-Image393915 & C3-Image393915,Som,ect1,0.038,379.505,-2584.5,6,-308,0.0283,0.005,0.9999,1,1,0.7692,163397,3.23%,84.74%,64.65%,76.50%,65.40%,89.17%,65.40%
C1-Image393915 & C4-Image393915,Som,ect1,0.047,907.933,-6134.5,6,-687,0.0328,0.004,1,1,1,0.77,163397,3.23%,84.74%,64.65%,76.50%,65.51%,89.17%,65.51%
C2-Image393915 & C3-Image393915,Som,ect1,0.603,0.094,33.9,307,63,0.4432,0,1,1,0.6621,0.692,99671,1.97%,68.21%,74.55%,57.96%,57.21%,74.46%,79.09%
C2-Image393915 & C4-Image393915,Som,ect1,0.289,0.148,161.1,437,226,0.0166,-0.009,1,1,0.4809,0.4083,49231,0.97%,55.79%,48.97%,33.20%,28.80%,58.06%,50.01%
C3-Image393915 & C4-Image393915,Som,ect1,0.378,6.566,-251.8,71,214,0.0882,0.003,1,1,0.5377,0.5091,67737,1.34%,61.73%,60.23%,41.27%,38.62%,64.91%,62.04%
C1-Image393915 & C2-Image393915,Som,ect2,0.024,4474.828,-30945.8,4,-13046,0.0213,0.01,1,1,1,0.9654,451752,8.92%,96.00%,92.55%,96.59%,92.76%,97.93%,92.76%
C1-Image393915 & C3-Image393915,Som,ect2,0.036,465.283,-3192,4,-1331,0.0334,0.001,0.9998,1,1,0.9657,451752,8.92%,96.00%,92.55%,96.59%,92.79%,97.93%,92.79%
C1-Image393915 & C4-Image393915,Som,ect2,0.052,843.486,-5695.4,6,-634,0.0397,0.006,1,1,1,0.7735,317735,6.27%,85.09%,65.09%,76.92%,66.06%,89.46%,66.06%
C2-Image393915 & C3-Image393915,Som,ect2,0.652,0.098,27.8,258,53,0.5178,0.011,0.9999,1,0.7069,0.741,208776,4.12%,70.56%,77.56%,63.71%,63.61%,78.13%,82.92%
C2-Image393915 & C4-Image393915,Som,ect2,0.282,0.138,156.9,362,207,-0.0117,0,1,1,0.5217,0.4748,117804,2.33%,60.80%,57.38%,40.19%,35.90%,62.23%,58.51%
C3-Image393915 & C4-Image393915,Som,ect2,0.374,6.601,-220,50,110,0.2052,-0.011,1,0.9999,0.9182,0.6764,263201,5.20%,90.98%,62.60%,74.75%,64.24%,93.53%,68.00%
C1-Image393915 & C2-Image393915,Som,ect3,0.024,4309.242,-29833.7,6,-3978,0.0189,0.01,1,1,1,0.7679,246906,4.87%,85.32%,65.01%,76.87%,65.67%,89.63%,65.67%
C1-Image393915 & C3-Image393915,Som,ect3,0.034,371.555,-2548.9,4,-1063,0.0321,0.008,0.9996,1,1,0.9648,351214,6.93%,96.00%,92.48%,96.56%,92.72%,97.93%,92.72%
C1-Image393915 & C4-Image393915,Som,ect3,0.059,780.895,-5275.3,4,-2152,0.056,0.004,1,1,1,0.9655,351214,6.93%,96.00%,92.48%,96.56%,92.83%,97.93%,92.83%
C2-Image393915 & C3-Image393915,Som,ect3,0.69,0.087,23.2,271,47,0.6398,0.01,0.9998,1,0.6438,0.602,117148,2.31%,67.62%,64.61%,53.97%,50.70%,75.87%,72.04%
C2-Image393915 & C4-Image393915,Som,ect3,0.225,0.12,151.4,362,195,-0.07,0.001,1,1,0.4692,0.3555,62221,1.23%,56.46%,43.94%,32.11%,26.15%,57.83%,44.65%
C3-Image393915 & C4-Image393915,Som,ect3,0.294,11.011,-381.6,51,180,-0.0004,-0.011,1,0.9998,0.5324,0.489,93567,1.85%,60.58%,57.02%,40.66%,37.72%,63.72%,58.62%
C1-Image393915 & C2-Image393915,Som,end1,0.038,3504.501,-27500,6,-6473,0.0272,0.013,1,1,1,0.8794,104960,2.07%,91.03%,79.44%,88.13%,80.29%,94.30%,80.29%
C1-Image393915 & C3-Image393915,Som,end1,0.069,268.102,-2051.8,6,-443,0.0538,0.014,1,1,1,0.8808,104960,2.07%,91.03%,79.44%,88.13%,80.58%,94.30%,80.58%
C1-Image393915 & C4-Image393915,Som,end1,0.082,379.518,-2794.1,4,-1276,0.0766,-0.004,1,1,1,0.9846,126819,2.50%,97.61%,95.99%,98.39%,96.23%,98.93%,96.23%
C2-Image393915 & C3-Image393915,Som,end1,0.681,0.093,43.1,304,71,0.5693,-0.002,1,1,0.7622,0.7962,66713,1.32%,74.40%,84.02%,72.15%,69.88%,82.51%,87.79%
C2-Image393915 & C4-Image393915,Som,end1,0.317,0.077,200.8,541,242,0.0373,-0.001,1,1,0.548,0.4141,29221,0.58%,61.52%,48.45%,39.79%,30.33%,63.05%,50.44%
C3-Image393915 & C4-Image393915,Som,end1,0.37,3.321,-66.8,85,215,0.1013,-0.019,1,1,0.6699,0.5438,44688,0.88%,69.99%,57.67%,51.02%,43.41%,73.02%,60.00%
C1-Image393915 & C2-Image393915,Som,end2,0.049,2755.893,-21526.1,6,-4991,0.0344,0.006,1,1,1,0.8204,260626,5.14%,87.38%,70.88%,81.75%,72.17%,91.46%,72.17%
C1-Image393915 & C3-Image393915,Som,end2,0.064,321.347,-2478.8,6,-551,0.0458,0.01,0.9999,1,1,0.8217,260626,5.14%,87.38%,70.88%,81.75%,72.30%,91.46%,72.30%
C1-Image393915 & C4-Image393915,Som,end2,0.08,475.999,-3580,4,-1676,0.0764,-0.005,1,1,1,0.9754,345589,6.82%,96.55%,93.99%,97.38%,94.32%,98.32%,94.32%
C2-Image393915 & C3-Image393915,Som,end2,0.701,0.109,35.2,316,70,0.6023,0.01,1,1,0.7478,0.7919,176343,3.48%,72.45%,81.61%,69.32%,68.90%,80.70%,86.45%
C2-Image393915 & C4-Image393915,Som,end2,0.36,0.11,170.9,316,206,0.0806,-0.008,1,1,0.6671,0.7421,160031,3.16%,65.75%,79.73%,61.44%,58.56%,71.53%,81.09%
C3-Image393915 & C4-Image393915,Som,end2,0.465,3.116,-58.6,39,63,0.3787,-0.005,1,1,0.9897,0.9176,314560,6.21%,98.95%,88.11%,95.36%,91.56%,99.44%,92.10%
C1-Image393915 & C2-Image393915,Som,end3,0.038,3468.181,-23826.3,6,-3017,0.0293,-0.003,1,1,1,0.757,92642,1.83%,83.91%,62.72%,74.93%,63.77%,88.50%,63.77%
C1-Image393915 & C3-Image393915,Som,end3,0.053,394.842,-2686.9,6,-318,0.0409,0.007,0.9999,1,1,0.7594,92642,1.83%,83.91%,62.72%,74.93%,64.04%,88.50%,64.04%
C1-Image393915 & C4-Image393915,Som,end3,0.061,617.524,-4117.7,3,-2265,0.0559,-0.011,1,1,1,0.9951,141894,2.80%,96.58%,96.07%,98.48%,96.30%,98.62%,96.30%
C2-Image393915 & C3-Image393915,Som,end3,0.763,0.123,21.3,253,53,0.6957,-0.016,0.9999,1,0.7756,0.8246,75117,1.48%,73.89%,83.49%,72.74%,73.56%,82.95%,89.03%
C2-Image393915 & C4-Image393915,Som,end3,0.362,0.106,157,399,199,0.0814,-0.004,1,1,0.5918,0.4987,40118,0.79%,64.44%,57.09%,46.80%,38.72%,68.10%,59.74%
C3-Image393915 & C4-Image393915,Som,end3,0.468,2.784,-9.4,61,160,0.2868,-0.01,1,0.9999,0.7808,0.6108,63166,1.25%,81.85%,64.30%,65.06%,55.11%,85.29%,67.83%
C1-Image393915 & C2-Image393915,Som,mes1,0.091,673.487,-5699.4,6,-1658,0.0699,0.007,1,1,1,0.9164,678182,13.39%,92.95%,84.23%,91.81%,85.67%,95.94%,85.67%
C1-Image393915 & C3-Image393915,Som,mes1,0.206,68.789,-538.1,6,-125,0.1706,0.017,0.9997,1,1,0.9269,678182,13.39%,92.95%,84.23%,91.81%,87.21%,95.94%,87.21%
C1-Image393915 & C4-Image393915,Som,mes1,0.053,532.479,-4572.3,6,-1377,0.0312,0.016,1,1,1,0.9122,678182,13.39%,92.95%,84.23%,91.81%,85.04%,95.94%,85.04%
C2-Image393915 & C3-Image393915,Som,mes1,0.544,0.131,33.7,211,61,0.3991,-0.006,0.9999,1,0.7089,0.853,420443,8.30%,69.04%,88.41%,67.82%,73.21%,75.37%,90.66%
C2-Image393915 & C4-Image393915,Som,mes1,0.328,0.181,154.6,281,205,0.0473,-0.004,1,1,0.6138,0.6483,299484,5.91%,64.48%,70.95%,52.44%,50.14%,67.37%,72.04%
C3-Image393915 & C4-Image393915,Som,mes1,0.377,4.081,-110.6,5,-90,0.3734,-0.023,1,0.9999,1,0.9994,802906,15.85%,99.88%,99.72%,99.99%,99.89%,99.99%,99.89%
C1-Image393915 & C2-Image393915,Som,mes2,0.02,3071.615,-33380.8,6,-14951,0.012,0.001,1,1,1,0.9513,478374,9.44%,95.54%,90.65%,95.57%,90.99%,97.64%,90.99%
C1-Image393915 & C3-Image393915,Som,mes2,0.054,269.266,-2853.9,6,-1238,0.0398,0.008,0.9999,1,1,0.9531,478374,9.44%,95.54%,90.65%,95.57%,91.25%,97.64%,91.25%
C1-Image393915 & C4-Image393915,Som,mes2,0.005,4813.003,-52703,255,1174613,NaN,0.005,1,1,0,0,0,0.00%,NaN%,NaN%,0.00%,0.00%,NaN%,NaN%
C2-Image393915 & C3-Image393915,Som,mes2,0.559,0.136,52.7,301,94,0.4055,-0.001,1,1,0.6719,0.7167,222446,4.39%,68.33%,75.94%,59.22%,59.19%,73.95%,79.35%
C2-Image393915 & C4-Image393915,Som,mes2,0.226,0.111,194.8,482,248,-0.0152,0.005,1,1,0.4753,0.3179,81518,1.61%,54.20%,36.74%,26.86%,21.33%,55.02%,37.06%
C3-Image393915 & C4-Image393915,Som,mes2,0.349,3.697,-159.3,99,207,0.0815,-0.017,1,1,0.6817,0.5767,195735,3.86%,71.78%,61.72%,52.92%,47.06%,74.31%,63.09%
C1-Image393915 & C2-Image393915,Som,mes3,0.035,1763.939,-17253.4,6,-6670,0.0267,0,1,1,1,0.944,670667,13.24%,94.96%,89.35%,94.81%,89.79%,97.26%,89.79%
C1-Image393915 & C3-Image393915,Som,mes3,0.087,164.68,-1549.8,6,-562,0.0739,0.008,1,1,1,0.9467,670667,13.24%,94.96%,89.35%,94.81%,90.19%,97.26%,90.19%
C1-Image393915 & C4-Image393915,Som,mes3,0.009,2944.445,-29211.5,255,721622,NaN,0.009,1,1,0,0,0,0.00%,NaN%,NaN%,0.00%,0.00%,NaN%,NaN%
C2-Image393915 & C3-Image393915,Som,mes3,0.552,0.135,45.1,301,86,0.4064,-0.005,1,1,0.6294,0.6846,288637,5.70%,66.38%,74.96%,55.35%,56.00%,71.89%,78.19%
C2-Image393915 & C4-Image393915,Som,mes3,0.257,0.136,180.5,428,239,0.0155,0.004,1,1,0.4907,0.3673,137098,2.71%,56.24%,42.76%,30.64%,25.45%,57.54%,43.30%
C3-Image393915 & C4-Image393915,Som,mes3,0.361,3.913,-146.5,5,-127,0.3602,0.013,1,1,1,0.9999,750285,14.81%,99.98%,99.96%,100.00%,99.98%,100.00%,99.98%
